No Bisimilar, tadSyncid0id3.xml-smiNoRedundantTemplateid10.xml
Bisimilar, tadSyncid0id3.xml-tadSyncid0id9.xml
No Bisimilar, tadSyncid0id3.xml-smiTemplateid0.xml
No Bisimilar, tadSyncid0id3.xml-tadSyncid1id5.xml
Bisimilar, tadSyncid0id3.xml-tadSyncid0id11.xml
Bisimilar, tadSyncid0id3.xml-tadSyncid0id12.xml
No Bisimilar, tadSyncid0id3.xml-tmi17.xml
No Bisimilar, tadSyncid0id3.xml-tadSyncid0id8.xml
No Bisimilar, tadSyncid0id3.xml-tadSyncid1id2.xml
No Bisimilar, tadSyncid0id3.xml-smiTemplateid11.xml
No Bisimilar, tadSyncid0id3.xml-tadSyncid1id4.xml
Bisimilar, tadSyncid0id3.xml-tadSyncid0id4.xml
Bisimilar, tadSyncid0id3.xml-tadSyncid0id5.xml
No Bisimilar, tadSyncid0id3.xml-tmi4.xml
Bisimilar, tadSyncid0id3.xml-tadSyncid0id2.xml
Bisimilar, tadSyncid0id3.xml-tadSyncid0id10.xml
No Bisimilar, tadSyncid0id3.xml-tmi2.xml
No Bisimilar, tadSyncid0id3.xml-smiTemplateid1.xml
No Bisimilar, tadSyncid0id3.xml-tadSyncid1id3.xml
No Bisimilar, tadSyncid0id3.xml-smiTemplateid10.xml
No Bisimilar, tadSyncid0id3.xml-tadSyncid1id1.xml
No Bisimilar, tadSyncid0id3.xml-smiTemplateid5.xml
No Bisimilar, tadSyncid0id3.xml-tadSyncid0id6.xml
No Bisimilar, tadSyncid0id3.xml-tadSyncid0id0.xml
No Bisimilar, tadSyncid0id3.xml-smiNoRedundantTemplateid5.xml
Bisimilar, tadSyncid0id3.xml-tadSyncid0id7.xml
No Bisimilar, tadSyncid0id3.xml-tadSyncid0id1.xml
No Bisimilar, tadSyncid0id3.xml-tadSyncid1id6.xml
No Bisimilar, tadSyncid0id3.xml-tadSyncid1id0.xml
No Bisimilar, smiNoRedundantTemplateid10.xml-tadSyncid0id9.xml
No Bisimilar, smiNoRedundantTemplateid10.xml-smiTemplateid0.xml
No Bisimilar, smiNoRedundantTemplateid10.xml-tadSyncid1id5.xml
No Bisimilar, smiNoRedundantTemplateid10.xml-tadSyncid0id11.xml
No Bisimilar, smiNoRedundantTemplateid10.xml-tadSyncid0id12.xml
No Bisimilar, smiNoRedundantTemplateid10.xml-tmi17.xml
No Bisimilar, smiNoRedundantTemplateid10.xml-tadSyncid0id8.xml
No Bisimilar, smiNoRedundantTemplateid10.xml-tadSyncid1id2.xml
No Bisimilar, smiNoRedundantTemplateid10.xml-smiTemplateid11.xml
No Bisimilar, smiNoRedundantTemplateid10.xml-tadSyncid1id4.xml
No Bisimilar, smiNoRedundantTemplateid10.xml-tadSyncid0id4.xml
No Bisimilar, smiNoRedundantTemplateid10.xml-tadSyncid0id5.xml
No Bisimilar, smiNoRedundantTemplateid10.xml-tmi4.xml
No Bisimilar, smiNoRedundantTemplateid10.xml-tadSyncid0id2.xml
No Bisimilar, smiNoRedundantTemplateid10.xml-tadSyncid0id10.xml
No Bisimilar, smiNoRedundantTemplateid10.xml-tmi2.xml
No Bisimilar, smiNoRedundantTemplateid10.xml-smiTemplateid1.xml
No Bisimilar, smiNoRedundantTemplateid10.xml-tadSyncid1id3.xml
Bisimilar, smiNoRedundantTemplateid10.xml-smiTemplateid10.xml
No Bisimilar, smiNoRedundantTemplateid10.xml-tadSyncid1id1.xml
No Bisimilar, smiNoRedundantTemplateid10.xml-smiTemplateid5.xml
No Bisimilar, smiNoRedundantTemplateid10.xml-tadSyncid0id6.xml
No Bisimilar, smiNoRedundantTemplateid10.xml-tadSyncid0id0.xml
No Bisimilar, smiNoRedundantTemplateid10.xml-smiNoRedundantTemplateid5.xml
No Bisimilar, smiNoRedundantTemplateid10.xml-tadSyncid0id7.xml
No Bisimilar, smiNoRedundantTemplateid10.xml-tadSyncid0id1.xml
No Bisimilar, smiNoRedundantTemplateid10.xml-tadSyncid1id6.xml
No Bisimilar, smiNoRedundantTemplateid10.xml-tadSyncid1id0.xml
No Bisimilar, tadSyncid0id9.xml-smiTemplateid0.xml
No Bisimilar, tadSyncid0id9.xml-tadSyncid1id5.xml
Bisimilar, tadSyncid0id9.xml-tadSyncid0id11.xml
Bisimilar, tadSyncid0id9.xml-tadSyncid0id12.xml
No Bisimilar, tadSyncid0id9.xml-tmi17.xml
No Bisimilar, tadSyncid0id9.xml-tadSyncid0id8.xml
No Bisimilar, tadSyncid0id9.xml-tadSyncid1id2.xml
No Bisimilar, tadSyncid0id9.xml-smiTemplateid11.xml
No Bisimilar, tadSyncid0id9.xml-tadSyncid1id4.xml
Bisimilar, tadSyncid0id9.xml-tadSyncid0id4.xml
Bisimilar, tadSyncid0id9.xml-tadSyncid0id5.xml
No Bisimilar, tadSyncid0id9.xml-tmi4.xml
Bisimilar, tadSyncid0id9.xml-tadSyncid0id2.xml
Bisimilar, tadSyncid0id9.xml-tadSyncid0id10.xml
No Bisimilar, tadSyncid0id9.xml-tmi2.xml
No Bisimilar, tadSyncid0id9.xml-smiTemplateid1.xml
No Bisimilar, tadSyncid0id9.xml-tadSyncid1id3.xml
No Bisimilar, tadSyncid0id9.xml-smiTemplateid10.xml
No Bisimilar, tadSyncid0id9.xml-tadSyncid1id1.xml
No Bisimilar, tadSyncid0id9.xml-smiTemplateid5.xml
No Bisimilar, tadSyncid0id9.xml-tadSyncid0id6.xml
No Bisimilar, tadSyncid0id9.xml-tadSyncid0id0.xml
No Bisimilar, tadSyncid0id9.xml-smiNoRedundantTemplateid5.xml
Bisimilar, tadSyncid0id9.xml-tadSyncid0id7.xml
No Bisimilar, tadSyncid0id9.xml-tadSyncid0id1.xml
No Bisimilar, tadSyncid0id9.xml-tadSyncid1id6.xml
No Bisimilar, tadSyncid0id9.xml-tadSyncid1id0.xml
No Bisimilar, smiTemplateid0.xml-tadSyncid1id5.xml
No Bisimilar, smiTemplateid0.xml-tadSyncid0id11.xml
No Bisimilar, smiTemplateid0.xml-tadSyncid0id12.xml
No Bisimilar, smiTemplateid0.xml-tmi17.xml
No Bisimilar, smiTemplateid0.xml-tadSyncid0id8.xml
No Bisimilar, smiTemplateid0.xml-tadSyncid1id2.xml
No Bisimilar, smiTemplateid0.xml-smiTemplateid11.xml
No Bisimilar, smiTemplateid0.xml-tadSyncid1id4.xml
No Bisimilar, smiTemplateid0.xml-tadSyncid0id4.xml
No Bisimilar, smiTemplateid0.xml-tadSyncid0id5.xml
No Bisimilar, smiTemplateid0.xml-tmi4.xml
No Bisimilar, smiTemplateid0.xml-tadSyncid0id2.xml
No Bisimilar, smiTemplateid0.xml-tadSyncid0id10.xml
Bisimilar, smiTemplateid0.xml-tmi2.xml
No Bisimilar, smiTemplateid0.xml-smiTemplateid1.xml
No Bisimilar, smiTemplateid0.xml-tadSyncid1id3.xml
No Bisimilar, smiTemplateid0.xml-smiTemplateid10.xml
No Bisimilar, smiTemplateid0.xml-tadSyncid1id1.xml
Bisimilar, smiTemplateid0.xml-smiTemplateid5.xml
No Bisimilar, smiTemplateid0.xml-tadSyncid0id6.xml
No Bisimilar, smiTemplateid0.xml-tadSyncid0id0.xml
Bisimilar, smiTemplateid0.xml-smiNoRedundantTemplateid5.xml
No Bisimilar, smiTemplateid0.xml-tadSyncid0id7.xml
No Bisimilar, smiTemplateid0.xml-tadSyncid0id1.xml
No Bisimilar, smiTemplateid0.xml-tadSyncid1id6.xml
No Bisimilar, smiTemplateid0.xml-tadSyncid1id0.xml
No Bisimilar, tadSyncid1id5.xml-tadSyncid0id11.xml
No Bisimilar, tadSyncid1id5.xml-tadSyncid0id12.xml
No Bisimilar, tadSyncid1id5.xml-tmi17.xml
No Bisimilar, tadSyncid1id5.xml-tadSyncid0id8.xml
Bisimilar, tadSyncid1id5.xml-tadSyncid1id2.xml
No Bisimilar, tadSyncid1id5.xml-smiTemplateid11.xml
Bisimilar, tadSyncid1id5.xml-tadSyncid1id4.xml
No Bisimilar, tadSyncid1id5.xml-tadSyncid0id4.xml
No Bisimilar, tadSyncid1id5.xml-tadSyncid0id5.xml
No Bisimilar, tadSyncid1id5.xml-tmi4.xml
No Bisimilar, tadSyncid1id5.xml-tadSyncid0id2.xml
No Bisimilar, tadSyncid1id5.xml-tadSyncid0id10.xml
No Bisimilar, tadSyncid1id5.xml-tmi2.xml
No Bisimilar, tadSyncid1id5.xml-smiTemplateid1.xml
Bisimilar, tadSyncid1id5.xml-tadSyncid1id3.xml
No Bisimilar, tadSyncid1id5.xml-smiTemplateid10.xml
No Bisimilar, tadSyncid1id5.xml-tadSyncid1id1.xml
No Bisimilar, tadSyncid1id5.xml-smiTemplateid5.xml
No Bisimilar, tadSyncid1id5.xml-tadSyncid0id6.xml
No Bisimilar, tadSyncid1id5.xml-tadSyncid0id0.xml
No Bisimilar, tadSyncid1id5.xml-smiNoRedundantTemplateid5.xml
No Bisimilar, tadSyncid1id5.xml-tadSyncid0id7.xml
No Bisimilar, tadSyncid1id5.xml-tadSyncid0id1.xml
No Bisimilar, tadSyncid1id5.xml-tadSyncid1id6.xml
No Bisimilar, tadSyncid1id5.xml-tadSyncid1id0.xml
Bisimilar, tadSyncid0id11.xml-tadSyncid0id12.xml
No Bisimilar, tadSyncid0id11.xml-tmi17.xml
No Bisimilar, tadSyncid0id11.xml-tadSyncid0id8.xml
No Bisimilar, tadSyncid0id11.xml-tadSyncid1id2.xml
No Bisimilar, tadSyncid0id11.xml-smiTemplateid11.xml
No Bisimilar, tadSyncid0id11.xml-tadSyncid1id4.xml
Bisimilar, tadSyncid0id11.xml-tadSyncid0id4.xml
Bisimilar, tadSyncid0id11.xml-tadSyncid0id5.xml
No Bisimilar, tadSyncid0id11.xml-tmi4.xml
Bisimilar, tadSyncid0id11.xml-tadSyncid0id2.xml
Bisimilar, tadSyncid0id11.xml-tadSyncid0id10.xml
No Bisimilar, tadSyncid0id11.xml-tmi2.xml
No Bisimilar, tadSyncid0id11.xml-smiTemplateid1.xml
No Bisimilar, tadSyncid0id11.xml-tadSyncid1id3.xml
No Bisimilar, tadSyncid0id11.xml-smiTemplateid10.xml
No Bisimilar, tadSyncid0id11.xml-tadSyncid1id1.xml
No Bisimilar, tadSyncid0id11.xml-smiTemplateid5.xml
No Bisimilar, tadSyncid0id11.xml-tadSyncid0id6.xml
No Bisimilar, tadSyncid0id11.xml-tadSyncid0id0.xml
No Bisimilar, tadSyncid0id11.xml-smiNoRedundantTemplateid5.xml
Bisimilar, tadSyncid0id11.xml-tadSyncid0id7.xml
No Bisimilar, tadSyncid0id11.xml-tadSyncid0id1.xml
No Bisimilar, tadSyncid0id11.xml-tadSyncid1id6.xml
No Bisimilar, tadSyncid0id11.xml-tadSyncid1id0.xml
No Bisimilar, tadSyncid0id12.xml-tmi17.xml
No Bisimilar, tadSyncid0id12.xml-tadSyncid0id8.xml
No Bisimilar, tadSyncid0id12.xml-tadSyncid1id2.xml
No Bisimilar, tadSyncid0id12.xml-smiTemplateid11.xml
No Bisimilar, tadSyncid0id12.xml-tadSyncid1id4.xml
Bisimilar, tadSyncid0id12.xml-tadSyncid0id4.xml
Bisimilar, tadSyncid0id12.xml-tadSyncid0id5.xml
No Bisimilar, tadSyncid0id12.xml-tmi4.xml
Bisimilar, tadSyncid0id12.xml-tadSyncid0id2.xml
Bisimilar, tadSyncid0id12.xml-tadSyncid0id10.xml
No Bisimilar, tadSyncid0id12.xml-tmi2.xml
No Bisimilar, tadSyncid0id12.xml-smiTemplateid1.xml
No Bisimilar, tadSyncid0id12.xml-tadSyncid1id3.xml
No Bisimilar, tadSyncid0id12.xml-smiTemplateid10.xml
No Bisimilar, tadSyncid0id12.xml-tadSyncid1id1.xml
No Bisimilar, tadSyncid0id12.xml-smiTemplateid5.xml
No Bisimilar, tadSyncid0id12.xml-tadSyncid0id6.xml
No Bisimilar, tadSyncid0id12.xml-tadSyncid0id0.xml
No Bisimilar, tadSyncid0id12.xml-smiNoRedundantTemplateid5.xml
Bisimilar, tadSyncid0id12.xml-tadSyncid0id7.xml
No Bisimilar, tadSyncid0id12.xml-tadSyncid0id1.xml
No Bisimilar, tadSyncid0id12.xml-tadSyncid1id6.xml
No Bisimilar, tadSyncid0id12.xml-tadSyncid1id0.xml
No Bisimilar, tmi17.xml-tadSyncid0id8.xml
No Bisimilar, tmi17.xml-tadSyncid1id2.xml
Bisimilar, tmi17.xml-smiTemplateid11.xml
No Bisimilar, tmi17.xml-tadSyncid1id4.xml
No Bisimilar, tmi17.xml-tadSyncid0id4.xml
No Bisimilar, tmi17.xml-tadSyncid0id5.xml
No Bisimilar, tmi17.xml-tmi4.xml
No Bisimilar, tmi17.xml-tadSyncid0id2.xml
No Bisimilar, tmi17.xml-tadSyncid0id10.xml
No Bisimilar, tmi17.xml-tmi2.xml
No Bisimilar, tmi17.xml-smiTemplateid1.xml
No Bisimilar, tmi17.xml-tadSyncid1id3.xml
No Bisimilar, tmi17.xml-smiTemplateid10.xml
No Bisimilar, tmi17.xml-tadSyncid1id1.xml
No Bisimilar, tmi17.xml-smiTemplateid5.xml
No Bisimilar, tmi17.xml-tadSyncid0id6.xml
No Bisimilar, tmi17.xml-tadSyncid0id0.xml
No Bisimilar, tmi17.xml-smiNoRedundantTemplateid5.xml
No Bisimilar, tmi17.xml-tadSyncid0id7.xml
No Bisimilar, tmi17.xml-tadSyncid0id1.xml
No Bisimilar, tmi17.xml-tadSyncid1id6.xml
No Bisimilar, tmi17.xml-tadSyncid1id0.xml
No Bisimilar, tadSyncid0id8.xml-tadSyncid1id2.xml
No Bisimilar, tadSyncid0id8.xml-smiTemplateid11.xml
No Bisimilar, tadSyncid0id8.xml-tadSyncid1id4.xml
No Bisimilar, tadSyncid0id8.xml-tadSyncid0id4.xml
No Bisimilar, tadSyncid0id8.xml-tadSyncid0id5.xml
No Bisimilar, tadSyncid0id8.xml-tmi4.xml
No Bisimilar, tadSyncid0id8.xml-tadSyncid0id2.xml
No Bisimilar, tadSyncid0id8.xml-tadSyncid0id10.xml
No Bisimilar, tadSyncid0id8.xml-tmi2.xml
No Bisimilar, tadSyncid0id8.xml-smiTemplateid1.xml
No Bisimilar, tadSyncid0id8.xml-tadSyncid1id3.xml
No Bisimilar, tadSyncid0id8.xml-smiTemplateid10.xml
No Bisimilar, tadSyncid0id8.xml-tadSyncid1id1.xml
No Bisimilar, tadSyncid0id8.xml-smiTemplateid5.xml
Bisimilar, tadSyncid0id8.xml-tadSyncid0id6.xml
No Bisimilar, tadSyncid0id8.xml-tadSyncid0id0.xml
No Bisimilar, tadSyncid0id8.xml-smiNoRedundantTemplateid5.xml
No Bisimilar, tadSyncid0id8.xml-tadSyncid0id7.xml
No Bisimilar, tadSyncid0id8.xml-tadSyncid0id1.xml
No Bisimilar, tadSyncid0id8.xml-tadSyncid1id6.xml
No Bisimilar, tadSyncid0id8.xml-tadSyncid1id0.xml
No Bisimilar, tadSyncid1id2.xml-smiTemplateid11.xml
Bisimilar, tadSyncid1id2.xml-tadSyncid1id4.xml
No Bisimilar, tadSyncid1id2.xml-tadSyncid0id4.xml
No Bisimilar, tadSyncid1id2.xml-tadSyncid0id5.xml
No Bisimilar, tadSyncid1id2.xml-tmi4.xml
No Bisimilar, tadSyncid1id2.xml-tadSyncid0id2.xml
No Bisimilar, tadSyncid1id2.xml-tadSyncid0id10.xml
No Bisimilar, tadSyncid1id2.xml-tmi2.xml
No Bisimilar, tadSyncid1id2.xml-smiTemplateid1.xml
Bisimilar, tadSyncid1id2.xml-tadSyncid1id3.xml
No Bisimilar, tadSyncid1id2.xml-smiTemplateid10.xml
No Bisimilar, tadSyncid1id2.xml-tadSyncid1id1.xml
No Bisimilar, tadSyncid1id2.xml-smiTemplateid5.xml
No Bisimilar, tadSyncid1id2.xml-tadSyncid0id6.xml
No Bisimilar, tadSyncid1id2.xml-tadSyncid0id0.xml
No Bisimilar, tadSyncid1id2.xml-smiNoRedundantTemplateid5.xml
No Bisimilar, tadSyncid1id2.xml-tadSyncid0id7.xml
No Bisimilar, tadSyncid1id2.xml-tadSyncid0id1.xml
No Bisimilar, tadSyncid1id2.xml-tadSyncid1id6.xml
No Bisimilar, tadSyncid1id2.xml-tadSyncid1id0.xml
No Bisimilar, smiTemplateid11.xml-tadSyncid1id4.xml
No Bisimilar, smiTemplateid11.xml-tadSyncid0id4.xml
No Bisimilar, smiTemplateid11.xml-tadSyncid0id5.xml
No Bisimilar, smiTemplateid11.xml-tmi4.xml
No Bisimilar, smiTemplateid11.xml-tadSyncid0id2.xml
No Bisimilar, smiTemplateid11.xml-tadSyncid0id10.xml
No Bisimilar, smiTemplateid11.xml-tmi2.xml
No Bisimilar, smiTemplateid11.xml-smiTemplateid1.xml
No Bisimilar, smiTemplateid11.xml-tadSyncid1id3.xml
No Bisimilar, smiTemplateid11.xml-smiTemplateid10.xml
No Bisimilar, smiTemplateid11.xml-tadSyncid1id1.xml
No Bisimilar, smiTemplateid11.xml-smiTemplateid5.xml
No Bisimilar, smiTemplateid11.xml-tadSyncid0id6.xml
No Bisimilar, smiTemplateid11.xml-tadSyncid0id0.xml
No Bisimilar, smiTemplateid11.xml-smiNoRedundantTemplateid5.xml
No Bisimilar, smiTemplateid11.xml-tadSyncid0id7.xml
No Bisimilar, smiTemplateid11.xml-tadSyncid0id1.xml
No Bisimilar, smiTemplateid11.xml-tadSyncid1id6.xml
No Bisimilar, smiTemplateid11.xml-tadSyncid1id0.xml
No Bisimilar, tadSyncid1id4.xml-tadSyncid0id4.xml
No Bisimilar, tadSyncid1id4.xml-tadSyncid0id5.xml
No Bisimilar, tadSyncid1id4.xml-tmi4.xml
No Bisimilar, tadSyncid1id4.xml-tadSyncid0id2.xml
No Bisimilar, tadSyncid1id4.xml-tadSyncid0id10.xml
No Bisimilar, tadSyncid1id4.xml-tmi2.xml
No Bisimilar, tadSyncid1id4.xml-smiTemplateid1.xml
Bisimilar, tadSyncid1id4.xml-tadSyncid1id3.xml
No Bisimilar, tadSyncid1id4.xml-smiTemplateid10.xml
No Bisimilar, tadSyncid1id4.xml-tadSyncid1id1.xml
No Bisimilar, tadSyncid1id4.xml-smiTemplateid5.xml
No Bisimilar, tadSyncid1id4.xml-tadSyncid0id6.xml
No Bisimilar, tadSyncid1id4.xml-tadSyncid0id0.xml
No Bisimilar, tadSyncid1id4.xml-smiNoRedundantTemplateid5.xml
No Bisimilar, tadSyncid1id4.xml-tadSyncid0id7.xml
No Bisimilar, tadSyncid1id4.xml-tadSyncid0id1.xml
No Bisimilar, tadSyncid1id4.xml-tadSyncid1id6.xml
No Bisimilar, tadSyncid1id4.xml-tadSyncid1id0.xml
Bisimilar, tadSyncid0id4.xml-tadSyncid0id5.xml
No Bisimilar, tadSyncid0id4.xml-tmi4.xml
Bisimilar, tadSyncid0id4.xml-tadSyncid0id2.xml
Bisimilar, tadSyncid0id4.xml-tadSyncid0id10.xml
No Bisimilar, tadSyncid0id4.xml-tmi2.xml
No Bisimilar, tadSyncid0id4.xml-smiTemplateid1.xml
No Bisimilar, tadSyncid0id4.xml-tadSyncid1id3.xml
No Bisimilar, tadSyncid0id4.xml-smiTemplateid10.xml
No Bisimilar, tadSyncid0id4.xml-tadSyncid1id1.xml
No Bisimilar, tadSyncid0id4.xml-smiTemplateid5.xml
No Bisimilar, tadSyncid0id4.xml-tadSyncid0id6.xml
No Bisimilar, tadSyncid0id4.xml-tadSyncid0id0.xml
No Bisimilar, tadSyncid0id4.xml-smiNoRedundantTemplateid5.xml
Bisimilar, tadSyncid0id4.xml-tadSyncid0id7.xml
No Bisimilar, tadSyncid0id4.xml-tadSyncid0id1.xml
No Bisimilar, tadSyncid0id4.xml-tadSyncid1id6.xml
No Bisimilar, tadSyncid0id4.xml-tadSyncid1id0.xml
No Bisimilar, tadSyncid0id5.xml-tmi4.xml
Bisimilar, tadSyncid0id5.xml-tadSyncid0id2.xml
Bisimilar, tadSyncid0id5.xml-tadSyncid0id10.xml
No Bisimilar, tadSyncid0id5.xml-tmi2.xml
No Bisimilar, tadSyncid0id5.xml-smiTemplateid1.xml
No Bisimilar, tadSyncid0id5.xml-tadSyncid1id3.xml
No Bisimilar, tadSyncid0id5.xml-smiTemplateid10.xml
No Bisimilar, tadSyncid0id5.xml-tadSyncid1id1.xml
No Bisimilar, tadSyncid0id5.xml-smiTemplateid5.xml
No Bisimilar, tadSyncid0id5.xml-tadSyncid0id6.xml
No Bisimilar, tadSyncid0id5.xml-tadSyncid0id0.xml
No Bisimilar, tadSyncid0id5.xml-smiNoRedundantTemplateid5.xml
Bisimilar, tadSyncid0id5.xml-tadSyncid0id7.xml
No Bisimilar, tadSyncid0id5.xml-tadSyncid0id1.xml
No Bisimilar, tadSyncid0id5.xml-tadSyncid1id6.xml
No Bisimilar, tadSyncid0id5.xml-tadSyncid1id0.xml
No Bisimilar, tmi4.xml-tadSyncid0id2.xml
No Bisimilar, tmi4.xml-tadSyncid0id10.xml
No Bisimilar, tmi4.xml-tmi2.xml
Bisimilar, tmi4.xml-smiTemplateid1.xml
No Bisimilar, tmi4.xml-tadSyncid1id3.xml
No Bisimilar, tmi4.xml-smiTemplateid10.xml
No Bisimilar, tmi4.xml-tadSyncid1id1.xml
No Bisimilar, tmi4.xml-smiTemplateid5.xml
No Bisimilar, tmi4.xml-tadSyncid0id6.xml
No Bisimilar, tmi4.xml-tadSyncid0id0.xml
No Bisimilar, tmi4.xml-smiNoRedundantTemplateid5.xml
No Bisimilar, tmi4.xml-tadSyncid0id7.xml
No Bisimilar, tmi4.xml-tadSyncid0id1.xml
No Bisimilar, tmi4.xml-tadSyncid1id6.xml
No Bisimilar, tmi4.xml-tadSyncid1id0.xml
Bisimilar, tadSyncid0id2.xml-tadSyncid0id10.xml
No Bisimilar, tadSyncid0id2.xml-tmi2.xml
No Bisimilar, tadSyncid0id2.xml-smiTemplateid1.xml
No Bisimilar, tadSyncid0id2.xml-tadSyncid1id3.xml
No Bisimilar, tadSyncid0id2.xml-smiTemplateid10.xml
No Bisimilar, tadSyncid0id2.xml-tadSyncid1id1.xml
No Bisimilar, tadSyncid0id2.xml-smiTemplateid5.xml
No Bisimilar, tadSyncid0id2.xml-tadSyncid0id6.xml
No Bisimilar, tadSyncid0id2.xml-tadSyncid0id0.xml
No Bisimilar, tadSyncid0id2.xml-smiNoRedundantTemplateid5.xml
Bisimilar, tadSyncid0id2.xml-tadSyncid0id7.xml
No Bisimilar, tadSyncid0id2.xml-tadSyncid0id1.xml
No Bisimilar, tadSyncid0id2.xml-tadSyncid1id6.xml
No Bisimilar, tadSyncid0id2.xml-tadSyncid1id0.xml
No Bisimilar, tadSyncid0id10.xml-tmi2.xml
No Bisimilar, tadSyncid0id10.xml-smiTemplateid1.xml
No Bisimilar, tadSyncid0id10.xml-tadSyncid1id3.xml
No Bisimilar, tadSyncid0id10.xml-smiTemplateid10.xml
No Bisimilar, tadSyncid0id10.xml-tadSyncid1id1.xml
No Bisimilar, tadSyncid0id10.xml-smiTemplateid5.xml
No Bisimilar, tadSyncid0id10.xml-tadSyncid0id6.xml
No Bisimilar, tadSyncid0id10.xml-tadSyncid0id0.xml
No Bisimilar, tadSyncid0id10.xml-smiNoRedundantTemplateid5.xml
Bisimilar, tadSyncid0id10.xml-tadSyncid0id7.xml
No Bisimilar, tadSyncid0id10.xml-tadSyncid0id1.xml
No Bisimilar, tadSyncid0id10.xml-tadSyncid1id6.xml
No Bisimilar, tadSyncid0id10.xml-tadSyncid1id0.xml
No Bisimilar, tmi2.xml-smiTemplateid1.xml
No Bisimilar, tmi2.xml-tadSyncid1id3.xml
No Bisimilar, tmi2.xml-smiTemplateid10.xml
No Bisimilar, tmi2.xml-tadSyncid1id1.xml
Bisimilar, tmi2.xml-smiTemplateid5.xml
No Bisimilar, tmi2.xml-tadSyncid0id6.xml
No Bisimilar, tmi2.xml-tadSyncid0id0.xml
Bisimilar, tmi2.xml-smiNoRedundantTemplateid5.xml
No Bisimilar, tmi2.xml-tadSyncid0id7.xml
No Bisimilar, tmi2.xml-tadSyncid0id1.xml
No Bisimilar, tmi2.xml-tadSyncid1id6.xml
No Bisimilar, tmi2.xml-tadSyncid1id0.xml
No Bisimilar, smiTemplateid1.xml-tadSyncid1id3.xml
No Bisimilar, smiTemplateid1.xml-smiTemplateid10.xml
No Bisimilar, smiTemplateid1.xml-tadSyncid1id1.xml
No Bisimilar, smiTemplateid1.xml-smiTemplateid5.xml
No Bisimilar, smiTemplateid1.xml-tadSyncid0id6.xml
No Bisimilar, smiTemplateid1.xml-tadSyncid0id0.xml
No Bisimilar, smiTemplateid1.xml-smiNoRedundantTemplateid5.xml
No Bisimilar, smiTemplateid1.xml-tadSyncid0id7.xml
No Bisimilar, smiTemplateid1.xml-tadSyncid0id1.xml
No Bisimilar, smiTemplateid1.xml-tadSyncid1id6.xml
No Bisimilar, smiTemplateid1.xml-tadSyncid1id0.xml
No Bisimilar, tadSyncid1id3.xml-smiTemplateid10.xml
No Bisimilar, tadSyncid1id3.xml-tadSyncid1id1.xml
No Bisimilar, tadSyncid1id3.xml-smiTemplateid5.xml
No Bisimilar, tadSyncid1id3.xml-tadSyncid0id6.xml
No Bisimilar, tadSyncid1id3.xml-tadSyncid0id0.xml
No Bisimilar, tadSyncid1id3.xml-smiNoRedundantTemplateid5.xml
No Bisimilar, tadSyncid1id3.xml-tadSyncid0id7.xml
No Bisimilar, tadSyncid1id3.xml-tadSyncid0id1.xml
No Bisimilar, tadSyncid1id3.xml-tadSyncid1id6.xml
No Bisimilar, tadSyncid1id3.xml-tadSyncid1id0.xml
No Bisimilar, smiTemplateid10.xml-tadSyncid1id1.xml
No Bisimilar, smiTemplateid10.xml-smiTemplateid5.xml
No Bisimilar, smiTemplateid10.xml-tadSyncid0id6.xml
No Bisimilar, smiTemplateid10.xml-tadSyncid0id0.xml
No Bisimilar, smiTemplateid10.xml-smiNoRedundantTemplateid5.xml
No Bisimilar, smiTemplateid10.xml-tadSyncid0id7.xml
No Bisimilar, smiTemplateid10.xml-tadSyncid0id1.xml
No Bisimilar, smiTemplateid10.xml-tadSyncid1id6.xml
No Bisimilar, smiTemplateid10.xml-tadSyncid1id0.xml
No Bisimilar, tadSyncid1id1.xml-smiTemplateid5.xml
No Bisimilar, tadSyncid1id1.xml-tadSyncid0id6.xml
No Bisimilar, tadSyncid1id1.xml-tadSyncid0id0.xml
No Bisimilar, tadSyncid1id1.xml-smiNoRedundantTemplateid5.xml
No Bisimilar, tadSyncid1id1.xml-tadSyncid0id7.xml
No Bisimilar, tadSyncid1id1.xml-tadSyncid0id1.xml
No Bisimilar, tadSyncid1id1.xml-tadSyncid1id6.xml
No Bisimilar, tadSyncid1id1.xml-tadSyncid1id0.xml
No Bisimilar, smiTemplateid5.xml-tadSyncid0id6.xml
No Bisimilar, smiTemplateid5.xml-tadSyncid0id0.xml
Bisimilar, smiTemplateid5.xml-smiNoRedundantTemplateid5.xml
No Bisimilar, smiTemplateid5.xml-tadSyncid0id7.xml
No Bisimilar, smiTemplateid5.xml-tadSyncid0id1.xml
No Bisimilar, smiTemplateid5.xml-tadSyncid1id6.xml
No Bisimilar, smiTemplateid5.xml-tadSyncid1id0.xml
No Bisimilar, tadSyncid0id6.xml-tadSyncid0id0.xml
No Bisimilar, tadSyncid0id6.xml-smiNoRedundantTemplateid5.xml
No Bisimilar, tadSyncid0id6.xml-tadSyncid0id7.xml
No Bisimilar, tadSyncid0id6.xml-tadSyncid0id1.xml
No Bisimilar, tadSyncid0id6.xml-tadSyncid1id6.xml
No Bisimilar, tadSyncid0id6.xml-tadSyncid1id0.xml
No Bisimilar, tadSyncid0id0.xml-smiNoRedundantTemplateid5.xml
No Bisimilar, tadSyncid0id0.xml-tadSyncid0id7.xml
No Bisimilar, tadSyncid0id0.xml-tadSyncid0id1.xml
No Bisimilar, tadSyncid0id0.xml-tadSyncid1id6.xml
No Bisimilar, tadSyncid0id0.xml-tadSyncid1id0.xml
No Bisimilar, smiNoRedundantTemplateid5.xml-tadSyncid0id7.xml
No Bisimilar, smiNoRedundantTemplateid5.xml-tadSyncid0id1.xml
No Bisimilar, smiNoRedundantTemplateid5.xml-tadSyncid1id6.xml
No Bisimilar, smiNoRedundantTemplateid5.xml-tadSyncid1id0.xml
No Bisimilar, tadSyncid0id7.xml-tadSyncid0id1.xml
No Bisimilar, tadSyncid0id7.xml-tadSyncid1id6.xml
No Bisimilar, tadSyncid0id7.xml-tadSyncid1id0.xml
No Bisimilar, tadSyncid0id1.xml-tadSyncid1id6.xml
No Bisimilar, tadSyncid0id1.xml-tadSyncid1id0.xml
No Bisimilar, tadSyncid1id6.xml-tadSyncid1id0.xml
